Event_Id,Name,Date,Location
bd92cf5da5413d2a,UFC 323: Dvalishvili vs. Yan 2,2025-12-06,"Las Vegas, Nevada, USA"
92c96df8bdab5fea,UFC Fight Night: Tsarukyan vs. Hooker,2025-11-22,"Doha, Qatar"
8db1b36dde268ef6,UFC 322: Della Maddalena vs. Makhachev,2025-11-15,"New York City, New York, USA"
6436029b50a9c255,UFC Fight Night: Bonfim vs. Brown,2025-11-08,"Las Vegas, Nevada, USA"
0e2c2daf11b5d8f2,UFC Fight Night: Garcia vs. Onama,2025-11-01,"Las Vegas, Nevada, USA"
7956f026e2672c47,UFC 321: Aspinall vs. Gane,2025-10-25,"Abu Dhabi, Abu Dhabi, United Arab Emirates"
38e5d9dcb0fddc42,UFC Fight Night: De Ridder vs. Allen,2025-10-18,"Vancouver, British Columbia, Canada"
9336e86cfd4ceaa1,UFC Fight Night: Oliveira vs. Gamrot,2025-10-11,"Rio de Janeiro, Rio de Janeiro, Brazil"
8944a0f9b2f0ce6d,UFC 320: Ankalaev vs. Pereira 2,2025-10-04,"Las Vegas, Nevada, USA"
ed220e87bef0cc64,UFC Fight Night: Ulberg vs. Reyes,2025-09-27,"Perth, Western Australia, Australia"
5efaaf313b652dd7,UFC Fight Night: Lopes vs. Silva,2025-09-13,"San Antonio, Texas, USA"
6e380a4d73ab4f0e,UFC Fight Night: Imavov vs. Borralho,2025-09-06,"Paris, Ile-de-France, France"
754968e325d6f60d,UFC Fight Night: Walker vs. Zhang,2025-08-23,"Shanghai, Hebei, China"
421ccfc6ddb17958,UFC 319: Du Plessis vs. Chimaev,2025-08-16,"Chicago, Illinois, USA"
6cd3dfc54f01287f,UFC Fight Night: Dolidze vs. Hernandez,2025-08-09,"Las Vegas, Nevada, USA"
f2c934689243fe4e,UFC Fight Night: Taira vs. Park,2025-08-02,"Las Vegas, Nevada, USA"
28d8638ea0a71908,UFC Fight Night: Whittaker vs. De Ridder,2025-07-26,"Abu Dhabi, Abu Dhabi, United Arab Emirates"
b8e2f10efb6eca85,UFC 318: Holloway vs. Poirier 3,2025-07-19,"New Orleans, Louisiana, USA"
7b03d9df5910917d,UFC Fight Night: Lewis vs. Teixeira,2025-07-12,"Nashville, Tennessee, USA"
66766984842c13dc,UFC 317: Topuria vs. Oliveira,2025-06-28,"Las Vegas, Nevada, USA"
400c7b43c86d27d3,UFC Fight Night: Hill vs. Rountree Jr.,2025-06-21,"Baku, Azerbaijan"
de277a4abcfeea46,UFC Fight Night: Usman vs. Buckley,2025-06-14,"Atlanta, Georgia, USA"
18c49685296c60e6,UFC 316: Dvalishvili vs. O'Malley 2,2025-06-07,"Newark, New Jersey, USA"
2a898bf9fb7710b3,UFC Fight Night: Blanchfield vs. Barber,2025-05-31,"Las Vegas, Nevada, USA"
8ad022dd81224f61,UFC Fight Night: Burns vs. Morales,2025-05-17,"Las Vegas, Nevada, USA"
118463dd8db16e7f,UFC 315: Muhammad vs. Della Maddalena,2025-05-10,"Montreal, Quebec, Canada"
de20ffb3fc2e7629,UFC Fight Night: Sandhagen vs. Figueiredo,2025-05-03,"Des Moines, Iowa, USA"
b2e3aca4cd363477,UFC Fight Night: Machado Garry vs. Prates,2025-04-26,"Kansas City, Missouri, USA"
22f4b6cb6b1bd7fd,UFC 314: Volkanovski vs. Lopes,2025-04-12,"Miami, Florida, USA"
86b30a86664cb6e4,UFC Fight Night: Emmett vs. Murphy,2025-04-05,"Las Vegas, Nevada, USA"
0f7210aa8d61af8d,UFC Fight Night: Moreno vs. Erceg,2025-03-29,"Mexico City, Distrito Federal, Mexico"
cc2ad11b1f9d818b,UFC Fight Night: Edwards vs. Brady,2025-03-22,"London, England, United Kingdom"
39f62b833e4cf126,UFC Fight Night: Vettori vs. Dolidze 2,2025-03-15,"Las Vegas, Nevada, USA"
ca936c67687789e9,UFC 313: Pereira vs. Ankalaev,2025-03-08,"Las Vegas, Nevada, USA"
9766ed20b68c7c33,UFC Fight Night: Kape vs. Almabayev,2025-03-01,"Las Vegas, Nevada, USA"
c50ea21fe9ef478d,UFC Fight Night: Cejudo vs. Song,2025-02-22,"Seattle, Washington, USA"
ce7871949b0ed2bf,UFC Fight Night: Cannonier vs. Rodrigues,2025-02-15,"Las Vegas, Nevada, USA"
e6015889f50075d2,UFC 312: Du Plessis vs. Strickland 2,2025-02-08,"Sydney, New South Wales, Australia"
80dbeb1dd5b53e64,UFC Fight Night: Adesanya vs. Imavov,2025-02-01,"Riyadh, Riyadh, Saudi Arabia"
39f68882def7a507,UFC 311: Makhachev vs. Moicano,2025-01-18,"Inglewood, California, USA"
81ddc98fceb30086,UFC Fight Night: Dern vs. Ribas 2,2025-01-11,"Las Vegas, Nevada, USA"
72c9c2eadfc3277e,UFC Fight Night: Covington vs. Buckley,2024-12-14,"Tampa, Florida, USA"
ad23903ef3af7406,UFC 310: Pantoja vs. Asakura,2024-12-07,"Las Vegas, Nevada, USA"
e955046551f8c7dd,UFC Fight Night: Yan vs. Figueiredo,2024-11-23,"Macau, China"
daff32bc96d1eabf,UFC 309: Jones vs. Miocic,2024-11-16,"New York City, New York, USA"
585f9ffdb0cd0466,UFC Fight Night: Magny vs. Prates,2024-11-09,"Las Vegas, Nevada, USA"
3ab0df1ddd5f1dc2,UFC Fight Night: Moreno vs. Albazi,2024-11-02,"Edmonton, Alberta, Canada"
221b2a3070c7ce3e,UFC 308: Topuria vs. Holloway,2024-10-26,"Abu Dhabi, Abu Dhabi, United Arab Emirates"
6a0047ac8c99fece,UFC Fight Night: Hernandez vs. Pereira,2024-10-19,"Las Vegas, Nevada, USA"
5bdcbd8dd681a257,UFC Fight Night: Royval vs. Taira,2024-10-12,"Las Vegas, Nevada, USA"
eee8efec7b951d84,UFC 307: Pereira vs. Rountree Jr.,2024-10-05,"Salt Lake City, Utah, USA"
079488710f012779,UFC Fight Night: Moicano vs. Saint Denis,2024-09-28,"Paris, Ile-de-France, France"
0c01568b1ac77bff,UFC 306: Riyadh Season Noche UFC,2024-09-14,"Las Vegas, Nevada, USA"
ee0b69e307c857e5,UFC Fight Night: Burns vs. Brady,2024-09-07,"Las Vegas, Nevada, USA"
be8ad887e4d674b0,UFC Fight Night: Cannonier vs. Borralho,2024-08-24,"Las Vegas, Nevada, USA"
32ba186f4b0e3267,UFC 305: Du Plessis vs. Adesanya,2024-08-17,"Perth, Western Australia, Australia"
2c733e059462c1dc,UFC Fight Night: Tybura vs. Spivac 2,2024-08-10,"Las Vegas, Nevada, USA"
fe435e440b5de0ff,UFC Fight Night: Sandhagen vs. Nurmagomedov,2024-08-03,"Abu Dhabi, Abu Dhabi, United Arab Emirates"
026b4f7049085842,UFC 304: Edwards vs. Muhammad 2,2024-07-27,"Manchester, England, United Kingdom"
c11036da9162cb5f,UFC Fight Night: Lemos vs. Jandiroba,2024-07-20,"Las Vegas, Nevada, USA"
66e0a70352fef46a,UFC Fight Night: Namajunas vs. Cortez,2024-07-13,"Denver, Colorado, USA"
f3743d8ef5dde970,UFC 303: Pereira vs. Prochazka 2,2024-06-29,"Las Vegas, Nevada, USA"
b12a1d19ee383b7c,UFC Fight Night: Whittaker vs. Aliskerov,2024-06-22,"Riyadh, Riyadh, Saudi Arabia"
9c5828c6fd9dc948,UFC Fight Night: Perez vs. Taira,2024-06-15,"Las Vegas, Nevada, USA"
cba3a2dfbc06ce79,UFC Fight Night: Cannonier vs. Imavov,2024-06-08,"Louisville, Kentucky, USA"
6e4acc2c115215b5,UFC 302: Makhachev vs. Poirier,2024-06-01,"Newark, New Jersey, USA"
46baf0f57edfa4df,UFC Fight Night: Barboza vs. Murphy,2024-05-18,"Las Vegas, Nevada, USA"
5dfe71ade71f3a4b,UFC Fight Night: Lewis vs. Nascimento,2024-05-11,"St. Louis, Missouri, USA"
981ab7a0576f76a0,UFC 301: Pantoja vs. Erceg,2024-05-04,"Rio de Janeiro, Rio de Janeiro, Brazil"
a16ce18149021139,UFC Fight Night: Nicolau vs. Perez,2024-04-27,"Las Vegas, Nevada, USA"
6750e338922a099d,UFC 300: Pereira vs. Hill,2024-04-13,"Las Vegas, Nevada, USA"
899eaba48fa864a6,UFC Fight Night: Allen vs. Curtis 2,2024-04-06,"Las Vegas, Nevada, USA"
dba230fe33011201,UFC Fight Night: Blanchfield vs. Fiorot,2024-03-30,"Atlantic City, New Jersey, USA"
79ff6545b0abc685,UFC Fight Night: Ribas vs. Namajunas,2024-03-23,"Las Vegas, Nevada, USA"
c398235fcaf8d71d,UFC Fight Night: Tuivasa vs. Tybura,2024-03-16,"Las Vegas, Nevada, USA"
a9df5ae20a97b090,UFC 299: O'Malley vs. Vera 2,2024-03-09,"Miami, Florida, USA"
e4a9dbade7c7e1a7,UFC Fight Night: Rozenstruik vs. Gaziev,2024-03-02,"Las Vegas, Nevada, USA"
902ab9197b83d0db,UFC Fight Night: Moreno vs. Royval 2,2024-02-24,"Mexico City, Distrito Federal, Mexico"
dab0e6cb8c932162,UFC 298: Volkanovski vs. Topuria,2024-02-17,"Anaheim, California, USA"
eaea0fc7b76525a8,UFC Fight Night: Hermansson vs. Pyfer,2024-02-10,"Las Vegas, Nevada, USA"
cce79e827569f26e,UFC Fight Night: Dolidze vs. Imavov,2024-02-03,"Las Vegas, Nevada, USA"
bd85ca0bb4f26cfc,UFC 297: Strickland vs. Du Plessis,2024-01-20,"Toronto, Ontario, Canada"
010986ee359fb863,UFC Fight Night: Ankalaev vs. Walker 2,2024-01-13,"Las Vegas, Nevada, USA"
a8e8587a06e73c87,UFC 296: Edwards vs. Covington,2023-12-16,"Las Vegas, Nevada, USA"
5ef0088c1b19beeb,UFC Fight Night: Song vs. Gutierrez,2023-12-09,"Las Vegas, Nevada, USA"
53e4e21f4c688801,UFC Fight Night: Dariush vs. Tsarukyan,2023-12-02,"Austin, Texas, USA"
3feed7d02711d8b7,UFC Fight Night: Allen vs. Craig,2023-11-18,"Las Vegas, Nevada, USA"
5a558ba1ff5e9121,UFC 295: Prochazka vs. Pereira,2023-11-11,"New York City, New York, USA"
7c4ec656d8fcb867,UFC Fight Night: Almeida vs. Lewis,2023-11-04,"Sao Paulo, Sao Paulo, Brazil"
13a0fb8fbdafb54f,UFC 294: Makhachev vs. Volkanovski 2,2023-10-21,"Abu Dhabi, Abu Dhabi, United Arab Emirates"
f3a078277b3b8ff4,UFC Fight Night: Yusuff vs. Barboza,2023-10-14,"Las Vegas, Nevada, USA"
c8a49ff2acb6f3c5,UFC Fight Night: Dawson vs. Green,2023-10-07,"Las Vegas, Nevada, USA"
c945adc22c2bfe8f,UFC Fight Night: Fiziev vs. Gamrot,2023-09-23,"Las Vegas, Nevada, USA"
8fa2b06572365321,UFC Fight Night: Grasso vs. Shevchenko 2,2023-09-16,"Las Vegas, Nevada, USA"
ece280745f8727b8,UFC 293: Adesanya vs. Strickland,2023-09-09,"Sydney, New South Wales, Australia"
ef61d9f5176b3200,UFC Fight Night: Gane vs. Spivac,2023-09-02,"Paris, Ile-de-France, France"
89a407032911e27e,UFC Fight Night: Holloway vs. The Korean Zombie,2023-08-26,"Kallang, Singapore"
2719f300b0439039,UFC 292: Sterling vs. O'Malley,2023-08-19,"Boston, Massachusetts, USA"
d2fa318f34d0aadc,UFC Fight Night: Luque vs. Dos Anjos,2023-08-12,"Las Vegas, Nevada, USA"
6f81b6de2557739a,UFC Fight Night: Sandhagen vs. Font,2023-08-05,"Nashville, Tennessee, USA"
ccd58ff71e260ed5,UFC 291: Poirier vs. Gaethje 2,2023-07-29,"Salt Lake City, Utah, USA"
1174782eacde9b0c,UFC Fight Night: Aspinall vs. Tybura,2023-07-22,"London, England, United Kingdom"
c9885b1b7c7055a0,UFC Fight Night: Holm vs. Bueno Silva,2023-07-15,"Las Vegas, Nevada, USA"
6085ceb59087514b,UFC 290: Volkanovski vs. Rodriguez,2023-07-08,"Las Vegas, Nevada, USA"
e9e1acc96536bb4f,UFC Fight Night: Strickland vs. Magomedov,2023-07-01,"Las Vegas, Nevada, USA"
a780d16cf7eed44d,UFC Fight Night: Emmett vs. Topuria,2023-06-24,"Jacksonville, Florida, USA"
b9415726dc3ec526,UFC Fight Night: Vettori vs. Cannonier,2023-06-17,"Las Vegas, Nevada, USA"
b6c6d1731ff00eeb,UFC 289: Nunes vs. Aldana,2023-06-10,"Vancouver, British Columbia, Canada"
7abe471b61725980,UFC Fight Night: Kara-France vs. Albazi,2023-06-03,"Las Vegas, Nevada, USA"
6f812143641ceff8,UFC Fight Night: Dern vs. Hill,2023-05-20,"Las Vegas, Nevada, USA"
901cddcbfa079097,UFC Fight Night: Rozenstruik vs. Almeida,2023-05-13,"Charlotte, North Carolina, USA"
3c6976f8182d9527,UFC 288: Sterling vs. Cejudo,2023-05-06,"Newark, New Jersey, USA"
51b1e2fd9872005b,UFC Fight Night: Song vs. Simon,2023-04-29,"Las Vegas, Nevada, USA"
6fb1ba67bef41b37,UFC Fight Night: Pavlovich vs. Blaydes,2023-04-22,"Las Vegas, Nevada, USA"
15b1b21cd743d652,UFC Fight Night: Holloway vs. Allen,2023-04-15,"Kansas City, Missouri, USA"
3dc3022232b79c7a,UFC 287: Pereira vs. Adesanya 2,2023-04-08,"Miami, Florida, USA"
aec273fcb765330d,UFC Fight Night: Vera vs. Sandhagen,2023-03-25,"San Antonio, Texas, USA"
e4bb7e483c4ad318,UFC 286: Edwards vs. Usman 3,2023-03-18,"London, England, United Kingdom"
35080a7f406f9ab3,UFC Fight Night: Yan vs. Dvalishvili,2023-03-11,"Las Vegas, Nevada, USA"
1ccff7f0cfdf85eb,UFC 285: Jones vs. Gane,2023-03-04,"Las Vegas, Nevada, USA"
806975e1b4f47b27,UFC Fight Night: Muniz vs. Allen,2023-02-25,"Las Vegas, Nevada, USA"
f21a3d68fb9df387,UFC Fight Night: Andrade vs. Blanchfield,2023-02-18,"Las Vegas, Nevada, USA"
01dd4cdc2446f665,UFC 284: Makhachev vs. Volkanovski,2023-02-11,"Perth, Western Australia, Australia"
d26394fc0e8e880a,UFC Fight Night: Lewis vs. Spivac,2023-02-04,"Las Vegas, Nevada, USA"
5717efc6f271cd52,UFC 283: Teixeira vs. Hill,2023-01-21,"Rio de Janeiro, Rio de Janeiro, Brazil"
2e2cdb6e9eb84bb9,UFC Fight Night: Strickland vs. Imavov,2023-01-14,"Las Vegas, Nevada, USA"
56ec58954158966a,UFC Fight Night: Cannonier vs. Strickland,2022-12-17,"Las Vegas, Nevada, USA"
f65a0eb902f9476b,UFC 282: Blachowicz vs. Ankalaev,2022-12-10,"Las Vegas, Nevada, USA"
b23388ff8ac6637b,UFC Fight Night: Thompson vs. Holland,2022-12-03,"Orlando, Florida, USA"
012fc7cd0779c09a,UFC Fight Night: Nzechukwu vs. Cutelaba,2022-11-19,"Las Vegas, Nevada, USA"
b3b6e80b7d5f8f0d,UFC 281: Adesanya vs. Pereira,2022-11-12,"New York City, New York, USA"
756f45905fb20cb5,UFC Fight Night: Rodriguez vs. Lemos,2022-11-05,"Las Vegas, Nevada, USA"
be5aab761c40ef35,UFC Fight Night: Kattar vs. Allen,2022-10-29,"Las Vegas, Nevada, USA"
885e7f70dcac0007,UFC 280: Oliveira vs. Makhachev,2022-10-22,"Abu Dhabi, Abu Dhabi, United Arab Emirates"
49c29e57d4e2be6f,UFC Fight Night: Grasso vs. Araujo,2022-10-15,"Las Vegas, Nevada, USA"
4f670b7972fa0a2e,UFC Fight Night: Dern vs. Yan,2022-10-01,"Las Vegas, Nevada, USA"
8d477c3fbe001f9d,UFC Fight Night: Sandhagen vs. Song,2022-09-17,"Las Vegas, Nevada, USA"
93bf96be327fcd98,UFC 279: Diaz vs. Ferguson,2022-09-10,"Las Vegas, Nevada, USA"
00a905a4a4a2b071,UFC Fight Night: Gane vs. Tuivasa,2022-09-03,"Paris, Ile-de-France, France"
4f853e98886283cf,UFC 278: Usman vs. Edwards,2022-08-20,"Salt Lake City, Utah, USA"
a23e63184c65f5b8,UFC Fight Night: Vera vs. Cruz,2022-08-13,"San Diego, California, USA"
8f6a18831a120817,UFC Fight Night: Santos vs. Hill,2022-08-06,"Las Vegas, Nevada, USA"
b0a6124751a56bc4,UFC 277: Pena vs. Nunes 2,2022-07-30,"Dallas, Texas, USA"
319c15b8aac5bfde,UFC Fight Night: Blaydes vs. Aspinall,2022-07-23,"London, England, United Kingdom"
8fd76e1b49c00ae2,UFC Fight Night: Ortega vs. Rodriguez,2022-07-16,"Elmont, New York, USA"
31da66df48c0c1a0,UFC Fight Night: Dos Anjos vs. Fiziev,2022-07-09,"Las Vegas, Nevada, USA"
4a9e305633f3ef47,UFC 276: Adesanya vs. Cannonier,2022-07-02,"Las Vegas, Nevada, USA"
eb42d4febfafefd1,UFC Fight Night: Tsarukyan vs. Gamrot,2022-06-25,"Las Vegas, Nevada, USA"
a0a680fe2f6cc8e6,UFC Fight Night: Kattar vs. Emmett,2022-06-18,"Austin, Texas, USA"
3a24769a4855040a,UFC 275: Teixeira vs. Prochazka,2022-06-11,"Kallang, Singapore"
57591bbf1623574e,UFC Fight Night: Volkov vs. Rozenstruik,2022-06-04,"Las Vegas, Nevada, USA"
a6c32678efd4f434,UFC Fight Night: Holm vs. Vieira,2022-05-21,"Las Vegas, Nevada, USA"
60ba33c3f555a7a3,UFC Fight Night: Blachowicz vs. Rakic,2022-05-14,"Las Vegas, Nevada, USA"
253d3f9e97ca149a,UFC 274: Oliveira vs. Gaethje,2022-05-07,"Phoenix, Arizona, USA"
6bf5a7d3e081ade2,UFC Fight Night: Font vs. Vera,2022-04-30,"Las Vegas, Nevada, USA"
236a37d96d476164,UFC Fight Night: Lemos vs. Andrade,2022-04-23,"Las Vegas, Nevada, USA"
8753e125f4499816,UFC Fight Night: Luque vs. Muhammad,2022-04-16,"Las Vegas, Nevada, USA"
3a97fda0de6f1fa4,UFC 273: Volkanovski vs. The Korean Zombie,2022-04-09,"Jacksonville, Florida, USA"
1fac46d466abd5b8,UFC Fight Night: Blaydes vs. Daukaus,2022-03-26,"Columbus, Ohio, USA"
1d00756835ca67c9,UFC Fight Night: Volkov vs. Aspinall,2022-03-19,"London, England, United Kingdom"
1f9344211ca7fd60,UFC Fight Night: Santos vs. Ankalaev,2022-03-12,"Las Vegas, Nevada, USA"
75e0d3cc2262b732,UFC 272: Covington vs. Masvidal,2022-03-05,"Las Vegas, Nevada, USA"
f6a7b02c42e9fc5b,UFC Fight Night: Makhachev vs. Green,2022-02-26,"Las Vegas, Nevada, USA"
77940e45bc86208e,UFC Fight Night: Walker vs. Hill,2022-02-19,"Las Vegas, Nevada, USA"
cbb682f5fcc44bfc,UFC 271: Adesanya vs. Whittaker 2,2022-02-12,"Houston, Texas, USA"
883922e5cd6d8473,UFC Fight Night: Hermansson vs. Strickland,2022-02-05,"Las Vegas, Nevada, USA"
335ad945324c3a2e,UFC 270: Ngannou vs. Gane,2022-01-22,"Anaheim, California, USA"
f5585e675af7afd4,UFC Fight Night: Kattar vs. Chikadze,2022-01-15,"Las Vegas, Nevada, USA"
2a470ad41c22c25a,UFC Fight Night: Lewis vs. Daukaus,2021-12-18,"Las Vegas, Nevada, USA"
ef927e4fe2117ab8,UFC 269: Oliveira vs. Poirier,2021-12-11,"Las Vegas, Nevada, USA"
509697e08673d2e5,UFC Fight Night: Font vs. Aldo,2021-12-04,"Las Vegas, Nevada, USA"
c95fbc085e17a532,UFC Fight Night: Vieira vs. Tate,2021-11-20,"Las Vegas, Nevada, USA"
b5abaa65f87938eb,UFC Fight Night: Holloway vs. Rodriguez,2021-11-13,"Las Vegas, Nevada, USA"
48e093ea1f43a053,UFC 268: Usman vs. Covington 2,2021-11-06,"New York City, New York, USA"
3974fa35c917af1d,UFC 267: Blachowicz vs. Teixeira,2021-10-30,"Abu Dhabi, Abu Dhabi, United Arab Emirates"
8a9c6c4301f6d088,UFC Fight Night: Costa vs. Vettori,2021-10-23,"Las Vegas, Nevada, USA"
8f4616698508f24d,UFC Fight Night: Ladd vs. Dumont,2021-10-16,"Las Vegas, Nevada, USA"
d247691a6c0e9034,UFC Fight Night: Dern vs. Rodriguez,2021-10-09,"Las Vegas, Nevada, USA"
e15d0a2519d6a0b5,UFC Fight Night: Santos vs. Walker,2021-10-02,"Las Vegas, Nevada, USA"
0eec866a077889f0,UFC 266: Volkanovski vs. Ortega,2021-09-25,"Las Vegas, Nevada, USA"
4c27ca8c8481f79a,UFC Fight Night: Smith vs. Spann,2021-09-18,"Las Vegas, Nevada, USA"
b9532d815060de7f,UFC Fight Night: Brunson vs. Till,2021-09-04,"Las Vegas, Nevada, USA"
0db9d2486d564a3c,UFC Fight Night: Barboza vs. Chikadze,2021-08-28,"Las Vegas, Nevada, USA"
2f13e4020cea5b38,UFC Fight Night: Cannonier vs. Gastelum,2021-08-21,"Las Vegas, Nevada, USA"
972197a8c61ac413,UFC 265: Lewis vs. Gane,2021-08-07,"Houston, Texas, USA"
320edfb0332b7073,UFC Fight Night: Hall vs. Strickland,2021-07-31,"Las Vegas, Nevada, USA"
e57f0b06ea39e360,UFC Fight Night: Sandhagen vs. Dillashaw,2021-07-24,"Las Vegas, Nevada, USA"
40389d39a92f5bfa,UFC Fight Night: Makhachev vs. Moises,2021-07-17,"Las Vegas, Nevada, USA"
8a0be41c0380188d,UFC 264: Poirier vs. McGregor 3,2021-07-10,"Las Vegas, Nevada, USA"
a1d6b308781aa2f5,UFC Fight Night: Gane vs. Volkov,2021-06-26,"Las Vegas, Nevada, USA"
9ddfb3369a3b0394,UFC Fight Night: Jung vs. Ige,2021-06-19,"Las Vegas, Nevada, USA"
0b64d0fed453ef7f,UFC 263: Adesanya vs. Vettori 2,2021-06-12,"Glendale, Arizona, USA"
3b2485c8d5c8b580,UFC Fight Night: Rozenstruik vs. Sakai,2021-06-05,"Las Vegas, Nevada, USA"
277ffed20cf07aea,UFC Fight Night: Font vs. Garbrandt,2021-05-22,"Las Vegas, Nevada, USA"
744f50016c39c26c,UFC 262: Oliveira vs. Chandler,2021-05-15,"Houston, Texas, USA"
58a36b4ccf5dc30e,UFC Fight Night: Rodriguez vs. Waterson,2021-05-08,"Las Vegas, Nevada, USA"
d57e6a8971b6d2bd,UFC Fight Night: Reyes vs. Prochazka,2021-05-01,"Las Vegas, Nevada, USA"
27541033b97c076d,UFC 261: Usman vs. Masvidal 2,2021-04-24,"Jacksonville, Florida, USA"
4a35913bd9aa4161,UFC Fight Night: Whittaker vs. Gastelum,2021-04-17,"Las Vegas, Nevada, USA"
9114c8ded5ccd71d,UFC Fight Night: Vettori vs. Holland,2021-04-10,"Las Vegas, Nevada, USA"
6597b611f1c32555,UFC 260: Miocic vs. Ngannou,2021-03-27,"Las Vegas, Nevada, USA"
c36e1f4fa755ffb4,UFC Fight Night: Brunson vs. Holland,2021-03-20,"Las Vegas, Nevada, USA"
8c90c1563972e44d,UFC Fight Night: Edwards vs. Muhammad,2021-03-13,"Las Vegas, Nevada, USA"
6e2b1d631832921d,UFC 259: Blachowicz vs. Adesanya,2021-03-06,"Las Vegas, Nevada, USA"
81b57acd6975ac06,UFC Fight Night: Rozenstruik vs. Gane,2021-02-27,"Las Vegas, Nevada, USA"
bfe95ec546692b13,UFC Fight Night: Blaydes vs. Lewis,2021-02-20,"Las Vegas, Nevada, USA"
3f7c14c7eca7195d,UFC 258: Usman vs. Burns,2021-02-13,"Las Vegas, Nevada, USA"
a1153013cb5f628f,UFC Fight Night: Overeem vs. Volkov,2021-02-06,"Las Vegas, Nevada, USA"
4304992c2acc187b,UFC 257: Poirier vs. McGregor,2021-01-23,"Abu Dhabi, Abu Dhabi, United Arab Emirates"
56116537d71a578c,UFC Fight Night: Chiesa vs. Magny,2021-01-20,"Abu Dhabi, Abu Dhabi, United Arab Emirates"
307064d3e0f036c2,UFC Fight Night: Holloway vs. Kattar,2021-01-16,"Abu Dhabi, Abu Dhabi, United Arab Emirates"
e49c2db95e572dc8,UFC Fight Night: Thompson vs. Neal,2020-12-19,"Las Vegas, Nevada, USA"
d0d43cb9b14f231c,UFC 256: Figueiredo vs. Moreno,2020-12-12,"Las Vegas, Nevada, USA"
398b440e73d55b8b,UFC Fight Night: Hermansson vs. Vettori,2020-12-05,"Las Vegas, Nevada, USA"
992c82450d96f726,UFC Fight Night: Smith vs. Clark,2020-11-28,"Las Vegas, Nevada, USA"
bbb15f301e4a490a,UFC 255: Figueiredo vs. Perez,2020-11-21,"Las Vegas, Nevada, USA"
3bc27ec15facbcf3,UFC Fight Night: Felder vs. Dos Anjos,2020-11-14,"Las Vegas, Nevada, USA"
41dca66f9dadfc86,UFC Fight Night: Santos vs. Teixeira,2020-11-07,"Las Vegas, Nevada, USA"
ad044be25c94dcfd,UFC Fight Night: Hall vs. Silva,2020-10-31,"Las Vegas, Nevada, USA"
c3c38c86f5ab9b5c,UFC 254: Khabib vs. Gaethje,2020-10-24,"Abu Dhabi, Abu Dhabi, United Arab Emirates"
d4f364dd076bb0e2,UFC Fight Night: Ortega vs. The Korean Zombie,2020-10-17,"Abu Dhabi, Abu Dhabi, United Arab Emirates"
fd4578cac86d75ca,UFC Fight Night: Moraes vs. Sandhagen,2020-10-10,"Abu Dhabi, Abu Dhabi, United Arab Emirates"
805ad1801eb26abb,UFC Fight Night: Holm vs. Aldana,2020-10-03,"Abu Dhabi, Abu Dhabi, United Arab Emirates"
e69c5ce12f4e762b,UFC 253: Adesanya vs. Costa,2020-09-26,"Abu Dhabi, Abu Dhabi, United Arab Emirates"
831b937811804dad,UFC Fight Night: Covington vs. Woodley,2020-09-19,"Las Vegas, Nevada, USA"
9c37681096c6f3a9,UFC Fight Night: Waterson vs. Hill,2020-09-12,"Las Vegas, Nevada, USA"
542db012217ecb83,UFC Fight Night: Overeem vs. Sakai,2020-09-05,"Las Vegas, Nevada, USA"
e29cf523ebd155c5,UFC Fight Night: Smith vs. Rakic,2020-08-29,"Las Vegas, Nevada, USA"
af1e5c64b8663aa0,UFC Fight Night: Munhoz vs. Edgar,2020-08-22,"Las Vegas, Nevada, USA"
bda04c573563cc2e,UFC 252: Miocic vs. Cormier 3,2020-08-15,"Las Vegas, Nevada, USA"
7a82635ffa9b59fe,UFC Fight Night: Lewis vs. Oleinik,2020-08-08,"Las Vegas, Nevada, USA"
3746e21bb508391a,UFC Fight Night: Brunson vs. Shahbazyan,2020-08-01,"Las Vegas, Nevada, USA"
dde70a112e053a6c,UFC Fight Night: Whittaker vs. Till,2020-07-25,"Abu Dhabi, Abu Dhabi, United Arab Emirates"
ddbd0d6259ce57cc,UFC Fight Night: Figueiredo vs. Benavidez 2,2020-07-18,"Abu Dhabi, Abu Dhabi, United Arab Emirates"
18f5669a92e99d92,UFC Fight Night: Kattar vs. Ige,2020-07-15,"Abu Dhabi, Abu Dhabi, United Arab Emirates"
dbd198f780286aca,UFC 251: Usman vs. Masvidal,2020-07-11,"Abu Dhabi, Abu Dhabi, United Arab Emirates"
c32eab6c2119e989,UFC Fight Night: Poirier vs. Hooker,2020-06-27,"Las Vegas, Nevada, USA"
2eab7a6c8b0ed8cc,UFC Fight Night: Blaydes vs. Volkov,2020-06-20,"Las Vegas, Nevada, USA"
1e13936d708bcff7,UFC Fight Night: Eye vs. Calvillo,2020-06-13,"Las Vegas, Nevada, USA"
4c12aa7ca246e7a4,UFC 250: Nunes vs. Spencer,2020-06-06,"Las Vegas, Nevada, USA"
14b9e0f2679a2205,UFC Fight Night: Woodley vs. Burns,2020-05-30,"Las Vegas, Nevada, USA"
dfb965c9824425db,UFC Fight Night: Overeem vs. Harris,2020-05-16,"Jacksonville, Florida, USA"
5f8e00c27b7e7410,UFC Fight Night: Smith vs. Teixeira,2020-05-13,"Jacksonville, Florida, USA"
898337ef520fe4d3,UFC 249: Ferguson vs. Gaethje,2020-05-09,"Jacksonville, Florida, USA"
53278852bcd91e11,UFC Fight Night: Lee vs. Oliveira,2020-03-14,"Brasilia, Distrito Federal, Brazil"
0b5b6876c2a4723f,UFC 248: Adesanya vs. Romero,2020-03-07,"Las Vegas, Nevada, USA"
fc9a9559a05f2704,UFC Fight Night: Benavidez vs. Figueiredo,2020-02-29,"Norfolk, Virginia, USA"
33b2f68ef95252e0,UFC Fight Night: Felder vs. Hooker,2020-02-22,"Auckland, New Zealand"
5df17b3620145578,UFC Fight Night: Anderson vs. Blachowicz,2020-02-15,"Rio Rancho, New Mexico, USA"
b26d3e3746fb4024,UFC 247: Jones vs. Reyes,2020-02-08,"Houston, Texas, USA"
44aa652b181bcf68,UFC Fight Night: Blaydes vs. Dos Santos,2020-01-25,"Raleigh, North Carolina, USA"
0c1773639c795466,UFC 246: McGregor vs. Cowboy,2020-01-18,"Las Vegas, Nevada, USA"
74fefd43f073cd2f,UFC Fight Night: Edgar vs. The Korean Zombie,2019-12-21,"Busan, South Korea"
4565d435005319c0,UFC 245: Usman vs. Covington,2019-12-14,"Las Vegas, Nevada, USA"
b09890ba7ce1d1e2,UFC Fight Night: Overeem vs. Rozenstruik,2019-12-07,"Washington, DC, USA"
81ca2c245b19b3c5,UFC Fight Night: Blachowicz vs. Jacare,2019-11-16,"Sao Paulo, Sao Paulo, Brazil"
8d5daf67983b65ba,UFC Fight Night: Zabit vs. Kattar,2019-11-09,"Moscow, Moscow, Russia"
fd87b1bbfcde9d5e,UFC 244: Masvidal vs. Diaz,2019-11-02,"New York City, New York, USA"
df05aa15b2d66f57,UFC Fight Night: Maia vs. Askren,2019-10-26,"Kallang, Singapore"
3ae10ac4df3df05c,UFC Fight Night: Reyes vs. Weidman,2019-10-18,"Boston, Massachusetts, USA"
0941df56f6ac954b,UFC Fight Night: Joanna vs. Waterson,2019-10-12,"Tampa, Florida, USA"
3cf68c1d17f66af7,UFC 243: Whittaker vs. Adesanya,2019-10-05,"Melbourne, Victoria, Australia"
1bf49bf829964144,UFC Fight Night: Hermansson vs. Cannonier,2019-09-28,"Copenhagen, Denmark"
94a5aaf573f780ad,UFC Fight Night: Rodriguez vs. Stephens,2019-09-21,"Mexico City, Distrito Federal, Mexico"
4834ff149dc9542a,UFC Fight Night: Cowboy vs. Gaethje,2019-09-14,"Vancouver, British Columbia, Canada"
a79bfbc01b2264d6,UFC 242: Khabib vs. Poirier,2019-09-07,"Abu Dhabi, Abu Dhabi, United Arab Emirates"
2c104b7e59a72629,UFC Fight Night: Andrade vs. Zhang,2019-08-31,"Shenzhen, Guangdong, China"
70167689d6a01793,UFC 241: Cormier vs. Miocic 2,2019-08-17,"Anaheim, California, USA"
e5d03e4d966126bd,UFC Fight Night: Shevchenko vs. Carmouche 2,2019-08-10,"Montevideo, Uruguay"
03da33a102d9a45f,UFC Fight Night: Covington vs. Lawler,2019-08-03,"Newark, New Jersey, USA"
abcf7e55a0a9ed89,UFC 240: Holloway vs. Edgar,2019-07-27,"Edmonton, Alberta, Canada"
9e0f28d1f639ad73,UFC Fight Night: Dos Anjos vs. Edwards,2019-07-20,"San Antonio, Texas, USA"
2f8f3c69522db931,UFC Fight Night: De Randamie vs. Ladd,2019-07-13,"Sacramento, California, USA"
6c9383ffab2725a5,UFC 239: Jones vs. Santos,2019-07-06,"Las Vegas, Nevada, USA"
c0c1bc0766df4c00,UFC Fight Night: Ngannou vs. Dos Santos,2019-06-29,"Minneapolis, Minnesota, USA"
b16a7e6a627e9789,UFC Fight Night: Moicano vs. The Korean Zombie,2019-06-22,"Greenville, South Carolina, USA"
e31502e3f79d00c5,UFC 238: Cejudo vs. Moraes,2019-06-08,"Chicago, Illinois, USA"
cbc071cb20ea59c7,UFC Fight Night: Gustafsson vs. Smith,2019-06-01,"Stockholm, Sweden"
6b8f28da9a483049,UFC Fight Night: Dos Anjos vs. Lee,2019-05-18,"Rochester, New York, USA"
9de7c97e1c0d7927,UFC 237: Namajunas vs. Andrade,2019-05-11,"Rio de Janeiro, Rio de Janeiro, Brazil"
351264d11286d09a,UFC Fight Night: Iaquinta vs. Cowboy,2019-05-04,"Ottawa, Ontario, Canada"
c912f676692c353a,UFC Fight Night: Jacare vs. Hermansson,2019-04-27,"Sunrise, Florida, USA"
7dcf06c1967801c1,UFC Fight Night: Overeem vs. Oleinik,2019-04-20,"Saint Petersburg, Saint Petersburg, Russia"
b0550072e5f0afa7,UFC 236: Holloway vs. Poirier 2,2019-04-13,"Atlanta, Georgia, USA"
9649d75defe0dedb,UFC Fight Night: Barboza vs. Gaethje,2019-03-30,"Philadelphia, Pennsylvania, USA"
487c170da059857d,UFC Fight Night: Thompson vs. Pettis,2019-03-23,"Nashville, Tennessee, USA"
80eacd4da0617c57,UFC Fight Night: Till vs. Masvidal,2019-03-16,"London, England, United Kingdom"
e96d8538d3f9d0ed,UFC Fight Night: Lewis vs. Dos Santos,2019-03-09,"Wichita, Kansas, USA"
2d5fbe2103f97053,UFC 235: Jones vs. Smith,2019-03-02,"Las Vegas, Nevada, USA"
6546af7ab545b90c,UFC Fight Night: Blachowicz vs. Santos,2019-02-23,"Prague, Czech Republic"
a7a79b8efbceaaac,UFC Fight Night: Ngannou vs. Velasquez,2019-02-17,"Phoenix, Arizona, USA"
b5882371e2a3900d,UFC 234: Adesanya vs. Silva,2019-02-09,"Melbourne, Victoria, Australia"
84283233ec42be5f,UFC Fight Night: Assuncao vs. Moraes 2,2019-02-02,"Fortaleza, Ceara, Brazil"
d4da8995fc91e7ef,UFC Fight Night: Cejudo vs. Dillashaw,2019-01-19,"Brooklyn, New York, USA"
c046100aea0dba9a,UFC 232: Jones vs. Gustafsson 2,2018-12-29,"Los Angeles, California, USA"
7a703c565ccaa18f,UFC Fight Night: Lee vs. Iaquinta,2018-12-15,"Milwaukee, Wisconsin, USA"
2a74bbba57058f12,UFC 231: Holloway vs. Ortega,2018-12-08,"Toronto, Ontario, Canada"
d1d20e651e6cbc02,UFC Fight Night: Dos Santos vs. Tuivasa,2018-12-01,"Adelaide, South Australia, Australia"
c7ac79839e86ce33,The Ultimate Fighter: Heavy Hitters Finale,2018-11-30,"Las Vegas, Nevada, USA"
de25520d54eab12d,UFC Fight Night: Blaydes vs. Ngannou 2,2018-11-24,"Beijing, China"
aa3153a9941b4d44,UFC Fight Night: Magny vs. Ponzinibbio,2018-11-17,"Buenos Aires, Buenos Aires, Argentina"
42c96a9c4802e2e1,UFC Fight Night: Korean Zombie vs. Rodriguez,2018-11-10,"Denver, Colorado, USA"
20821819c401ced8,UFC 230: Cormier vs. Lewis,2018-11-03,"New York City, New York, USA"
33a331684283900f,UFC Fight Night: Oezdemir vs. Smith,2018-10-27,"Moncton, New Brunswick, Canada"
1ef0eae31904e534,UFC 229: Khabib vs. McGregor,2018-10-06,"Las Vegas, Nevada, USA"
852454c572675334,UFC Fight Night: Marreta vs. Anders,2018-09-22,"Sao Paulo, Sao Paulo, Brazil"
8d49545dadf9b919,UFC Fight Night: Hunt vs. Oleinik,2018-09-15,"Moscow, Moscow, Russia"
d5ae8074631762fc,UFC 228: Woodley vs. Till,2018-09-08,"Dallas, Texas, USA"
c0342805a1948cbb,UFC Fight Night: Gaethje vs. Vick,2018-08-25,"Lincoln, Nebraska, USA"
03b1e846b09f721d,UFC 227: Dillashaw vs. Garbrandt 2,2018-08-04,"Los Angeles, California, USA"
322a56923b396b4d,UFC Fight Night: Alvarez vs. Poirier 2,2018-07-28,"Calgary, Alberta, Canada"
4f732e58ed907eff,UFC Fight Night: Shogun vs. Smith,2018-07-22,"Hamburg, Hamburg, Germany"
b45d6b73f4ca4467,UFC Fight Night: Dos Santos vs. Ivanov,2018-07-14,"Boise, Idaho, USA"
35585d970300d45a,UFC 226: Miocic vs. Cormier,2018-07-07,"Las Vegas, Nevada, USA"
8215e4fe24e8e81b,The Ultimate Fighter: Undefeated Finale,2018-07-06,"Las Vegas, Nevada, USA"
ac5f67109accb482,UFC Fight Night: Cowboy vs. Edwards,2018-06-23,"Kallang, Singapore"
2eae41f61776c60f,UFC 225: Whittaker vs. Romero 2,2018-06-09,"Chicago, Illinois, USA"
d29b5c4f22c6357d,UFC Fight Night: Rivera vs. Moraes,2018-06-01,"Utica, New York, USA"
f5990c11974d8e9c,UFC Fight Night: Thompson vs. Till,2018-05-27,"Liverpool, England, United Kingdom"
3144121470023e9a,UFC Fight Night: Maia vs. Usman,2018-05-19,"Santiago, Chile"
67ec58d7cf599835,UFC 224: Nunes vs. Pennington,2018-05-12,"Rio de Janeiro, Rio de Janeiro, Brazil"
ad99fa5325519169,UFC Fight Night: Barboza vs. Lee,2018-04-21,"Atlantic City, New Jersey, USA"
620be7e0712d431b,UFC Fight Night: Poirier vs. Gaethje,2018-04-14,"Glendale, Arizona, USA"
49e7e05f902479ca,UFC 223: Khabib vs. Iaquinta,2018-04-07,"Brooklyn, New York, USA"
eed2b71d77d95416,UFC Fight Night: Werdum vs. Volkov,2018-03-17,"London, England, United Kingdom"
7929be8290289a47,UFC 222: Cyborg vs. Kunitskaya,2018-03-03,"Las Vegas, Nevada, USA"
daa89f01e1c0f42a,UFC Fight Night: Emmett vs. Stephens,2018-02-24,"Orlando, Florida, USA"
d181689653115b6a,UFC Fight Night: Cerrone vs. Medeiros,2018-02-18,"Austin, Texas, USA"
15515e797aedc137,UFC 221: Romero vs. Rockhold,2018-02-10,"Perth, Western Australia, Australia"
7cf20446453f852b,UFC Fight Night: Machida vs. Anders,2018-02-03,"Belem, Para, Brazil"
602bb270f2bdbf02,UFC Fight Night: Jacare vs. Brunson 2,2018-01-27,"Charlotte, North Carolina, USA"
02177caefe7c07d4,UFC 220: Miocic vs. Ngannou,2018-01-20,"Boston, Massachusetts, USA"
fc1868f56d3036eb,UFC Fight Night: Stephens vs. Choi,2018-01-14,"St. Louis, Missouri, USA"
04076783ca83d6ae,UFC 219: Cyborg vs. Holm,2017-12-30,"Las Vegas, Nevada, USA"
eaa0a728cc91ef60,UFC Fight Night: Lawler vs. Dos Anjos,2017-12-16,"Winnipeg, Manitoba, Canada"
bcd124bcd3d5be46,UFC Fight Night: Swanson vs. Ortega,2017-12-09,"Fresno, California, USA"
9e30f69cc0869301,UFC 218: Holloway vs. Aldo 2,2017-12-02,"Detroit, Michigan, USA"
30e8b4505f5ccf92,The Ultimate Fighter: A New World Champion Finale,2017-12-01,"Las Vegas, Nevada, USA"
e7bc606d269896aa,UFC Fight Night: Bisping vs. Gastelum,2017-11-25,"Shanghai, Hebei, China"
caced97768818230,UFC Fight Night: Werdum vs. Tybura,2017-11-18,"Sydney, New South Wales, Australia"
d856a0080ac09ed7,UFC Fight Night: Poirier vs. Pettis,2017-11-11,"Norfolk, Virginia, USA"
a25b71fe5e31fa97,UFC 217: Bisping vs. St-Pierre,2017-11-04,"New York City, New York, USA"
a7724f51e32e763e,UFC Fight Night: Brunson vs. Machida,2017-10-28,"Sao Paulo, Sao Paulo, Brazil"
d6b68eaf4b68b160,UFC Fight Night: Cerrone vs. Till,2017-10-21,"Gdansk, Poland"
cc5834a495d1ea08,UFC 216: Ferguson vs. Lee,2017-10-07,"Las Vegas, Nevada, USA"
9211aae062b799d6,UFC Fight Night: Saint Preux vs. Okami,2017-09-22,"Saitama, Saitama, Japan"
1979c80150f630c4,UFC Fight Night: Rockhold vs. Branch,2017-09-16,"Pittsburgh, Pennsylvania, USA"
d86e913c548c07c2,UFC 215: Nunes vs Shevchenko 2,2017-09-09,"Edmonton, Alberta, Canada"
a3244e3238541482,UFC Fight Night: Volkov vs. Struve,2017-09-02,"Rotterdam, Zuid-Holland, Netherlands"
f4a031ac205ac580,UFC Fight Night: Pettis vs. Moreno,2017-08-05,"Mexico City, Distrito Federal, Mexico"
ff9578cdbfabd323,UFC 214: Cormier vs. Jones 2,2017-07-29,"Anaheim, California, USA"
9f3d6ddef3d3cccc,UFC Fight Night: Weidman vs. Gastelum,2017-07-22,"Uniondale, New York, USA"
d7907a9a968e4d29,UFC Fight Night: Nelson vs. Ponzinibbio,2017-07-16,"Glasgow, Scotland, United Kingdom"
686cccbf1a4de453,UFC 213: Romero vs. Whittaker,2017-07-08,"Las Vegas, Nevada, USA"
23bd78c3f89bdb54,The Ultimate Fighter: Redemption Finale,2017-07-07,"Las Vegas, Nevada, USA"
99bf06f20491cb54,UFC Fight Night: Chiesa vs. Lee,2017-06-25,"Oklahoma City, Oklahoma, USA"
353de740bb6c7e75,UFC Fight Night: Holm vs. Correia,2017-06-17,"Kallang, Singapore"
90e7447d8b7f3f35,UFC Fight Night: Lewis vs. Hunt,2017-06-10,"Auckland, New Zealand"
1507214bbc7a79e2,UFC 212: Aldo vs. Holloway,2017-06-03,"Rio de Janeiro, Rio de Janeiro, Brazil"
1c7cce2f5c17160d,UFC Fight Night: Gustafsson vs. Teixeira,2017-05-28,"Stockholm, Sweden"
5df10509264586e5,UFC 211: Miocic vs. Dos Santos,2017-05-13,"Dallas, Texas, USA"
bc7f7f0ba3db74d2,UFC Fight Night: Swanson vs. Lobov,2017-04-22,"Nashville, Tennessee, USA"
ed069a95aaaf4f56,UFC on FOX: Johnson vs. Reis,2017-04-15,"Kansas City, Missouri, USA"
e7bfdb5e0112891e,UFC 210: Cormier vs. Johnson 2,2017-04-08,"Buffalo, New York, USA"
c0231720fe516994,UFC Fight Night: Manuwa vs. Anderson,2017-03-18,"London, England, United Kingdom"
47b7e4e60813b7b2,UFC Fight Night: Belfort vs. Gastelum,2017-03-11,"Fortaleza, Ceara, Brazil"
20e403a1acfef130,UFC 209: Woodley vs. Thompson 2,2017-03-04,"Las Vegas, Nevada, USA"
b4ad3a06ee4d660c,UFC Fight Night: Lewis vs. Browne,2017-02-19,"Halifax, Nova Scotia, Canada"
865aa315ea62c511,UFC 208: Holm vs. De Randamie,2017-02-11,"Brooklyn, New York, USA"
6a8a06b542e1516d,UFC Fight Night: Bermudez vs. The Korean Zombie,2017-02-04,"Houston, Texas, USA"
4512e46543b960ad,UFC on FOX: Shevchenko vs. Pena,2017-01-28,"Denver, Colorado, USA"
46effbd1135423c5,UFC Fight Night: Rodriguez vs. Penn,2017-01-15,"Phoenix, Arizona, USA"
4b2390cfaceb91d8,UFC 207: Nunes vs. Rousey,2016-12-30,"Las Vegas, Nevada, USA"
32541eb5d12668b4,UFC on FOX: VanZant vs. Waterson,2016-12-17,"Sacramento, California, USA"
6e3282d57d2467a0,UFC 206: Holloway vs. Pettis,2016-12-10,"Toronto, Ontario, Canada"
7139cd2ae4bf6a29,UFC Fight Night: Lewis vs. Abdurakhimov,2016-12-09,"Albany, New York, USA"
bd4389b71fdc0ce2,The Ultimate Fighter: Tournament of Champions Finale,2016-12-03,"Las Vegas, Nevada, USA"
73e09f837f3b5ecc,UFC Fight Night: Whittaker vs. Brunson,2016-11-26,"Melbourne, Victoria, Australia"
5cde96e0a1a1fffe,UFC Fight Night: Bader vs. Nogueira,2016-11-19,"Sao Paulo, Sao Paulo, Brazil"
6810d8d2dd557cf9,UFC Fight Night: Mousasi vs. Hall 2,2016-11-19,"Belfast, Northern Ireland, United Kingdom"
4956f60b7fa57c1a,UFC 205: Alvarez vs McGregor,2016-11-12,"New York City, New York, USA"
6083f497c22cc075,UFC Fight Night: Dos Anjos vs. Ferguson,2016-11-05,"Mexico City, Distrito Federal, Mexico"
154a6b3ffae264cd,UFC 204: Bisping vs. Henderson,2016-10-08,"Manchester, England, United Kingdom"
a196332ee4aa8a82,UFC Fight Night: Lineker vs. Dodson,2016-10-01,"Portland, Oregon, USA"
e18012194473e8b0,UFC Fight Night: Cyborg vs. Lansberg,2016-09-24,"Brasilia, Distrito Federal, Brazil"
d6455cb4bee503ce,UFC Fight Night: Poirier vs. Johnson,2016-09-17,"Hidalgo, Texas, USA"
2dc7f1762dc0a7ef,UFC 203: Miocic vs. Overeem,2016-09-10,"Cleveland, Ohio, USA"
2b4faacc16d66898,UFC Fight Night: Arlovski vs. Barnett,2016-09-03,"Hamburg, Hamburg, Germany"
cfbccfed4e4796fe,UFC on FOX: Maia vs. Condit,2016-08-27,"Vancouver, British Columbia, Canada"
5da4e8dc02e50ac0,UFC 202: Diaz vs. McGregor 2,2016-08-20,"Las Vegas, Nevada, USA"
232c582f29f8f65e,UFC Fight Night: Rodriguez vs. Caceres,2016-08-06,"Salt Lake City, Utah, USA"
72cbe507644a587c,UFC 201: Lawler vs. Woodley,2016-07-30,"Atlanta, Georgia, USA"
8a028648f3f0761d,UFC on FOX: Holm vs. Shevchenko,2016-07-23,"Chicago, Illinois, USA"
5e7a28f20927d64a,UFC Fight Night: McDonald vs. Lineker,2016-07-13,"Sioux Falls, South Dakota, USA"
aa5b4eff51bdc7d1,UFC 200: Tate vs Nunes,2016-07-09,"Las Vegas, Nevada, USA"
cd42bbe8887bba90,The Ultimate Fighter: Team Joanna vs. Team Cláudia Finale,2016-07-08,"Las Vegas, Nevada, USA"
45a2ba3ef82b9700,UFC Fight Night: Dos Anjos vs. Alvarez,2016-07-07,"Las Vegas, Nevada, USA"
563d051c9e769b24,UFC Fight Night: MacDonald vs Thompson,2016-06-18,"Ottawa, Ontario, Canada"
ff4c3ab594c7fac3,UFC 199: Rockhold vs. Bisping 2,2016-06-04,"Los Angeles, California, USA"
990060b2a68a7b82,UFC Fight Night: Almeida vs Garbrandt,2016-05-29,"Las Vegas, Nevada, USA"
a4bf17bd3ba3423b,UFC 198: Werdum vs Miocic,2016-05-14,"Curitiba, Parana, Brazil"
a314687f372b2cec,UFC Fight Night: Overeem vs Arlovski,2016-05-08,"Rotterdam, Zuid-Holland, Netherlands"
3d481aa374c954a1,UFC 197: Jones vs Saint Preux,2016-04-23,"Las Vegas, Nevada, USA"
e7e970d508529bf3,UFC on FOX: Teixeira vs Evans,2016-04-16,"Tampa, Florida, USA"
4887e5bc4dbb73ff,UFC Fight Night: Rothwell vs Dos Santos,2016-04-10,"Zagreb, Croatia"
e60201cfab7d656d,UFC Fight Night: Hunt vs Mir,2016-03-19,"Brisbane, Queensland, Australia"
db1f2ed63b54b9a7,UFC 196: McGregor vs Diaz,2016-03-05,"Las Vegas, Nevada, USA"
39c568f8c579913e,UFC Fight Night: Silva vs Bisping,2016-02-27,"London, England, United Kingdom"
d56bb6dff2ae77eb,UFC Fight Night: Cowboy vs Cowboy,2016-02-21,"Pittsburgh, Pennsylvania, USA"
de99da2c0d18d34a,UFC Fight Night: Hendricks vs Thompson,2016-02-06,"Las Vegas, Nevada, USA"
b3fb8d2293e17a59,UFC on FOX: Johnson vs. Bader,2016-01-30,"Newark, New Jersey, USA"
c6becb722706c7d8,UFC Fight Night: Dillashaw vs Cruz,2016-01-17,"Boston, Massachusetts, USA"
380e8b023290d091,UFC 195: Lawler vs Condit,2016-01-02,"Las Vegas, Nevada, USA"
80d918336163b80c,UFC on FOX: Dos Anjos vs. Cowboy 2,2015-12-19,"Orlando, Florida, USA"
354808cf38d9d73c,UFC 194: Aldo vs McGregor,2015-12-12,"Las Vegas, Nevada, USA"
20fbff570c678e1c,The Ultimate Fighter: Team McGregor vs. Team Faber Finale,2015-12-11,"Las Vegas, Nevada, USA"
dd39f1ca787a3d9d,UFC Fight Night: Namajunas vs. VanZant,2015-12-10,"Las Vegas, Nevada, USA"
4d636c3aa1105950,UFC Fight Night: Henderson vs Masvidal,2015-11-28,"Seoul, South Korea"
243b07fc65ccbb16,UFC Fight Night: Magny vs Gastelum,2015-11-21,"Monterrey, Nuevo Leon, Mexico"
8d04923f2db59b7f,UFC 193: Rousey vs Holm,2015-11-14,"Melbourne, Victoria, Australia"
5345f86680378fc1,UFC Fight Night: Belfort vs Henderson 3,2015-11-07,"Sao Paulo, Sao Paulo, Brazil"
f3155a94ca420126,UFC Fight Night: Holohan vs Smolka,2015-10-24,"Dublin, Leinster, Ireland"
119ebea97e914dcf,UFC 192: Cormier vs Gustafsson,2015-10-03,"Houston, Texas, USA"
a4dd5c9a75763295,UFC Fight Night: Barnett vs Nelson,2015-09-26,"Saitama, Japan"
82f5c81f4e3c3eb5,UFC 191: Johnson vs Dodson 2,2015-09-05,"Las Vegas, Nevada, USA"
2ce6541127b0e232,UFC Fight Night: Holloway vs Oliveira,2015-08-23,"Saskatoon, Saskatchewan, Canada"
b71667c778b6d9e5,UFC Fight Night: Teixeira vs Saint Preux,2015-08-08,"Nashville, Tennessee, USA"
a9c45a8b21eabadc,UFC 190: Rousey vs Correia,2015-08-01,"Rio de Janeiro, Rio de Janeiro, Brazil"
0c3838c8f7c620c2,UFC on FOX: Dillashaw vs. Barao II,2015-07-25,"Chicago, Illinois, USA"
ef7fa30364cbe7f2,UFC Fight Night: Bisping vs Leites,2015-07-18,"Glasgow, Scotland, United Kingdom"
36877f0e62b25b96,UFC Fight Night: Mir vs Duffee,2015-07-15,"San Diego, California, USA"
a890f9a791ed615d,The Ultimate Fighter: American Top Team vs. Blackzilians Finale,2015-07-12,"Las Vegas, Nevada, USA"
3be081c29bf734d9,UFC 189: Mendes vs McGregor,2015-07-11,"Las Vegas, Nevada, USA"
86e388ed20761ad9,UFC Fight Night: Machida vs Romero,2015-06-27,"Hollywood, Florida, USA"
194fc025f9355db6,UFC Fight Night: Jedrzejczyk vs Penne,2015-06-20,"Berlin, Berlin, Germany"
a58114c6dd0add64,UFC 188: Velasquez vs Werdum,2015-06-13,"Mexico City, Distrito Federal, Mexico"
06dc1a58663579d2,UFC Fight Night: Boetsch vs Henderson,2015-06-06,"New Orleans, Louisiana, USA"
aae0897825336b1a,UFC Fight Night: Condit vs Alves,2015-05-30,"Goiania, Goias, Brazil"
4f7e290e71d60f87,UFC 187: Johnson vs Cormier,2015-05-23,"Las Vegas, Nevada, USA"
b1605ea39fba6af6,UFC Fight Night: Edgar vs Faber,2015-05-16,"Manila, Philippines"
8a1b4330c7957961,UFC Fight Night: Miocic vs Hunt,2015-05-09,"Adelaide, South Australia, Australia"
997b4f52f76a0b53,UFC 186: Johnson vs Horiguchi,2015-04-25,"Montreal, Quebec, Canada"
bc7cf284c1c2f16e,UFC on FOX: Machida vs Rockhold,2015-04-18,"Newark, New Jersey, USA"
5de61b03868035ff,UFC Fight Night: Gonzaga vs Cro Cop 2,2015-04-11,"Krakow, Poland"
16d09e800ad7ec79,UFC Fight Night: Mendes vs Lamas,2015-04-04,"Fairfax, Virginia, USA"
fa534853eb195270,UFC Fight Night: Maia vs LaFlare,2015-03-21,"Rio de Janeiro, Brazil"
f54200f1dfb9b5d4,UFC 185: Pettis vs Dos Anjos,2015-03-14,"Dallas, Texas, USA"
ad4e9055bf8cd04d,UFC 184: Rousey vs Zingano,2015-02-28,"Los Angeles, California, USA"
0577808d22dfe79c,UFC Fight Night: Bigfoot vs Mir,2015-02-22,"Porto Alegre, Rio Grande do Sul, Brazil"
f9c7fe2682af3802,UFC Fight Night: Henderson vs Thatch,2015-02-14,"Broomfield, Colorado, USA"
43563a32c3f10e95,UFC 183: Silva vs Diaz,2015-01-31,"Las Vegas, Nevada, USA"
706404da0775dcbc,UFC on FOX: Gustafsson vs Johnson,2015-01-24,"Stockholm, Sweden"
f9aa6376ae16bfb4,UFC Fight Night: McGregor vs Siver,2015-01-18,"Boston, Massachusetts, USA"
a72d260b436924c4,UFC 182: Jones vs Cormier,2015-01-03,"Las Vegas, Nevada, USA"
4e5bbc4566049cbf,UFC Fight Night: Machida vs Dollaway,2014-12-20,"Barueri, Sao Paulo, Brazil"
d4a12dfa4067742f,UFC on FOX: Dos Santos vs Miocic,2014-12-13,"Phoenix, Arizona, USA"
222d6b547de2e035,The Ultimate Fighter: A Champion Will Be Crowned Finale,2014-12-12,"Las Vegas, Nevada, USA"
dfdd0c5dd0d4bc23,UFC 181: Hendricks vs Lawler II,2014-12-06,"Las Vegas, Nevada, USA"
155a02a8b4311057,UFC Fight Night: Edgar vs Swanson,2014-11-22,"Austin, Texas, USA"
59851163aaf1aed8,UFC 180: Werdum vs Hunt,2014-11-15,"Mexico City, Distrito Federal, Mexico"
6ca68b636fbc1f18,UFC Fight Night 56: Shogun vs Saint Preux,2014-11-08,"Uberlandia, Minas Gerais, Brazil"
371a1c91b24dec2b,UFC Fight Night: Rockhold vs Bisping,2014-11-07,"Sydney, New South Wales, Australia"
53f02bbc41d99432,UFC 179: Aldo vs Mendes 2,2014-10-25,"Rio de Janeiro, Brazil"
0313bf497de9c470,UFC Fight Night: MacDonald vs Saffiedine,2014-10-04,"Halifax, Nova Scotia, Canada"
8dc4f34c1f50d00d,UFC Fight Night: Nelson vs Story,2014-10-04,"Stockholm, Sweden"
3bb030257966b022,UFC 178: Johnson vs Cariaso,2014-09-27,"Las Vegas, Nevada, USA"
2dea80c069847321,UFC Fight Night: Hunt vs Nelson,2014-09-20,"Saitama, Japan"
a71feb7ea7592a71,UFC Fight Night: Bigfoot vs Arlovski,2014-09-13,"Brasilia, Distrito Federal, Brazil"
9bcfb40dbcd50568,UFC Fight Night: Jacare vs Mousasi,2014-09-05,"Ledyard, Connecticut, USA"
269d103c96a4c3a5,UFC 177: Dillashaw vs Soto,2014-08-30,"Sacramento, California, USA"
063649e21bc9d6d5,UFC Fight Night: Henderson vs Dos Anjos,2014-08-23,"Tulsa, Oklahoma, USA"
770b9d4813c25902,UFC Fight Night: Bisping vs Le,2014-08-23,"Macau, China"
fd7acf42bd6e7e95,UFC Fight Night: Bader vs Saint Preux,2014-08-16,"Bangor, Maine, USA"
05fbfe628658c538,UFC on FOX: Lawler vs Brown,2014-07-26,"San Jose, California, USA"
073eee4e62f0d988,UFC Fight Night: McGregor vs Brandao,2014-07-19,"Dublin, Leinster, Ireland"
79ded75550efc139,UFC Fight Night: Cowboy vs Miller,2014-07-16,"Atlantic City, New Jersey, USA"
1c5879330d42255f,The Ultimate Fighter: Team Edgar vs. Team Penn Finale,2014-07-06,"Las Vegas, Nevada, USA"
53adf5b845d91e4a,UFC 175: Weidman vs Machida,2014-07-05,"Las Vegas, Nevada, USA"
c0ed7b208197e8de,UFC Fight Night: Swanson vs Stephens,2014-06-28,"San Antonio, Texas, USA"
ac9521250dc1a14c,UFC Fight Night: Te Huna vs Marquardt,2014-06-28,"Auckland, New Zealand"
5b5307450405abf0,UFC 174: Johnson vs Bagautinov,2014-06-14,"Vancouver, British Columbia, Canada"
1fcfc3709fe58151,UFC Fight Night: Henderson vs Khabilov,2014-06-07,"Albuquerque, New Mexico, USA"
59aaf2730b84698a,UFC Fight Night: Miocic vs Maldonado,2014-05-31,"Sao Paulo, Brazil"
b757c73f443d4fca,UFC Fight Night: Munoz vs Mousasi,2014-05-31,"Berlin, Germany"
9ca265dfe8323db3,UFC 173: Barao vs Dillashaw,2014-05-24,"Las Vegas, Nevada, USA"
579fcdfcabd23a7b,UFC Fight Night: Brown vs Silva,2014-05-10,"Cincinnati, Ohio, USA"
4f2fcbefb668689d,UFC 172: Jones vs Teixeira,2014-04-26,"Baltimore, Maryland, USA"
a421465acbe59c77,UFC on FOX: Werdum vs Browne,2014-04-19,"Orlando, Florida, USA"
f9f07bb5a43535ed,UFC Fight Night: Bisping vs Kennedy,2014-04-16,"Quebec City, Quebec, Canada"
d632d156c0549e07,UFC Fight Night: Minotauro vs Nelson,2014-04-11,"Abu Dhabi, United Arab Emirates"
d5f820c11a121050,UFC Fight Night: Shogun vs Henderson 2,2014-03-23,"Natal, Rio Grande do Norte, Brazil"
179f1948dc234f1f,UFC 171: Hendricks vs Lawler,2014-03-15,"Dallas, Texas, USA"
ebc1f40e00e0c481,UFC Fight Night: Gustafsson vs Manuwa,2014-03-08,"London, England, United Kingdom"
a26198ba5093147e,UFC Fight Night: Kim vs Hathaway,2014-03-01,"Macau, China"
3138fab619faf4d1,UFC 170: Rousey vs McMann,2014-02-22,"Las Vegas, Nevada, USA"
51b0bb73a1da34bc,UFC Fight Night: Machida vs Mousasi,2014-02-15,"Jaragua do Sul, Santa Catarina, Brazil"
fc31f896cde2bc2e,UFC 169: Barao vs Faber 2,2014-02-01,"Newark, New Jersey, USA"
a8d521d913df4e31,UFC on FOX: Henderson vs Thomson,2014-01-25,"Chicago, Illinois, USA"
30a09e43f15f1d75,UFC Fight Night: Rockhold vs Philippou,2014-01-15,"Duluth, Georgia, USA"
e5c9de15bb58b1c6,UFC Fight Night: Saffiedine vs Lim,2014-01-04,"Singapore, Singapore"
83d0de122f2f9664,UFC 168: Weidman vs Silva 2,2013-12-28,"Las Vegas, Nevada, USA"
480b702debcb5433,UFC on FOX: Johnson vs. Benavidez 2,2013-12-14,"Sacramento, California, USA"
ee457ef1e1c326c1,UFC Fight Night: Hunt vs Bigfoot,2013-12-06,"Brisbane, Queensland, Australia"
9a967e8e43dcef63,The Ultimate Fighter: Team Rousey vs. Team Tate Finale,2013-11-30,"Las Vegas, Nevada, USA"
28f3c2258a1d8874,UFC 167: St-Pierre vs Hendricks,2013-11-16,"Las Vegas, Nevada, USA"
5d7c18191b8aa432,UFC Fight Night: Belfort vs Henderson 2,2013-11-09,"Goiania, Goias, Brazil"
35dc6220b113b7ec,UFC Fight Night: Fight for the Troops 3,2013-11-06,"Fort Campbell, Kentucky, USA"
60884f31ead1609c,UFC Fight Night: Machida vs Munoz,2013-10-26,"Manchester, England, United Kingdom"
eae4aec1a5a8ff01,UFC 166: Velasquez vs Dos Santos 3,2013-10-19,"Houston, Texas, USA"
43612456979e5d5e,UFC Fight Night: Maia vs Shields,2013-10-09,"Barueri, Sao Paulo, Brazil"
df5a77121ba84a5d,UFC 165: Jones vs Gustafsson,2013-09-21,"Toronto, Ontario, Canada"
b23fca14c7b79935,UFC Fight Night: Teixeira vs Bader,2013-09-04,"Belo Horizonte, Minas Gerais, Brazil"
980b4e712489098e,UFC 164: Henderson vs Pettis 2,2013-08-31,"Milwaukee, Wisconsin, USA"
e5c38954c006f15c,UFC Fight Night: Condit vs Kampmann 2,2013-08-28,"Indianapolis, Indiana, USA"
cf1a88371c8cb690,UFC Fight Night: Shogun vs Sonnen,2013-08-17,"Boston, Massachusetts, USA"
ebc5af72ad5a28cb,UFC 163: Aldo vs Jung,2013-08-03,"Rio de Janeiro, Brazil"
5330fe7e4c3af81c,UFC on FOX: Johnson vs Moraga,2013-07-27,"Seattle, Washington, USA"
e0b74df14f52cd15,UFC 162: Silva vs Weidman,2013-07-06,"Las Vegas, Nevada, USA"
8fd1f27e86661ede,UFC 161: Evans vs Henderson,2013-06-15,"Winnipeg, Manitoba, Canada"
7865707fd684d77b,UFC on FUEL TV: Nogueira vs. Werdum,2013-06-08,"Fortaleza, Ceara, Brazil"
3c241737a6069b9f,UFC 160: Velasquez vs Silva 2,2013-05-25,"Las Vegas, Nevada, USA"
030f08370fd1c2bb,UFC on FX: Belfort vs. Rockhold,2013-05-18,"Jaragua do Sul, Santa Catarina, Brazil"
ea0ad155451ed1f5,UFC 159: Jones vs Sonnen,2013-04-27,"Newark, New Jersey, USA"
aa79d5399571068e,UFC on FOX: Henderson vs Melendez,2013-04-20,"San Jose, California, USA"
ce47f49e5c386a9c,The Ultimate Fighter: Team Jones vs. Team Sonnen Finale,2013-04-13,"Las Vegas, Nevada, USA"
6291ac0a3726732f,UFC on FUEL TV: Mousasi vs Latifi,2013-04-06,"Stockholm, Sweden"
f1b2a4365799c48b,UFC 158: St-Pierre vs Diaz,2013-03-16,"Montreal, Quebec, Canada"
83c6c3e0f8bde8ee,UFC on FUEL TV: Silva vs. Stann,2013-03-02,"Saitama, Japan"
09c44b317c98bf96,UFC 157: Rousey vs Carmouche,2013-02-23,"Anaheim, California, USA"
4679a38cced7c64a,UFC on FUEL TV: Barao vs McDonald,2013-02-16,"London, England, United Kingdom"
601cf40c09090853,UFC 156: Aldo vs Edgar,2013-02-02,"Las Vegas, Nevada, USA"
738acab0c6934dd8,UFC on FOX: Johnson vs Dodson,2013-01-26,"Chicago, Illinois, USA"
56f4b81ec4db61af,UFC on FX: Belfort vs Bisping,2013-01-19,"Sao Paulo, Brazil"
c6e6926a81adcd00,UFC 155: Dos Santos vs Velasquez II,2012-12-29,"Las Vegas, Nevada, USA"
c6da1c24fe473418,The Ultimate Fighter: Team Carwin vs. Team Nelson Finale,2012-12-15,"Las Vegas, Nevada, USA"
e8c170a64dc920ac,UFC on FX: Sotiropoulos vs Pearson,2012-12-14,"Gold Coast, Queensland, Australia"
d1e6a6536ee62517,UFC on FOX: Henderson vs Diaz,2012-12-08,"Seattle, Washington, USA"
d41937647eae9a34,UFC 154: St-Pierre vs Condit,2012-11-17,"Montreal, Quebec, Canada"
319fa1bd3176bded,UFC Macao: Franklin vs Le,2012-11-10,"Macau, China"
96d173b7f92aa520,UFC 153: Silva vs Bonnar,2012-10-13,"Rio de Janeiro, Brazil"
6a0b80a24f22e152,UFC on FX: Browne vs Bigfoot,2012-10-05,"Minneapolis, Minnesota, USA"
6cbb7661c3258617,UFC on FUEL TV: Struve vs Miocic,2012-09-29,"Nottingham, England, United Kingdom"
53e533db1b8e9712,UFC 152: Jones vs Belfort,2012-09-22,"Toronto, Ontario, Canada"
3c48019bc387b80c,UFC 150: Henderson vs Edgar II,2012-08-11,"Denver, Colorado, USA"
f62850b3c7480db9,UFC on FOX: Shogun vs Vera,2012-08-04,"Los Angeles, California, USA"
abbc4fc02e0d84b3,UFC 149: Faber vs Barao,2012-07-21,"Calgary, Alberta, Canada"
d3b5ad3b15a64a18,UFC on FUEL TV: Munoz vs Weidman,2012-07-11,"San Jose, California, USA"
e8efeb9cf33b1941,UFC 148: Silva vs Sonnen 2,2012-07-07,"Las Vegas, Nevada, USA"
3da19339ee7051d5,UFC 147: Silva vs Franklin 2,2012-06-23,"Belo Horizonte, Minas Gerais, Brazil"
505934897b8b4824,UFC on FX: Maynard vs Guida,2012-06-22,"Atlantic City, New Jersey, USA"
49590e0508b2c19f,UFC on FX: Johnson vs McCall,2012-06-08,"Sunrise, Florida, USA"
96087e90d900f0ef,The Ultimate Fighter: Live Finale,2012-06-01,"Las Vegas, Nevada, USA"
4985113c0928aa62,UFC 146: Dos Santos vs Mir,2012-05-26,"Las Vegas, Nevada, USA"
8caca5857ce0e30b,UFC on FUEL TV: Korean Zombie vs Poirier,2012-05-15,"Fairfax, Virginia, USA"
5898357a45a73674,UFC on FOX: Diaz vs Miller,2012-05-05,"East Rutherford, New Jersey, USA"
155bfc7ed36622df,UFC 145: Jones vs Evans,2012-04-21,"Atlanta, Georgia, USA"
21f2974fd08085e3,UFC on FUEL TV: Gustafsson vs Silva,2012-04-14,"Stockholm, Sweden"
b5ea750025697880,UFC on FX: Alves vs Kampmann,2012-03-02,"Sydney, New South Wales, Australia"
8377c5572cb356f3,UFC 144: Edgar vs Henderson,2012-02-25,"Saitama, Japan"
0a97691039c4bbfb,UFC on FUEL TV: Sanchez vs Ellenberger,2012-02-15,"Omaha, Nebraska, USA"
df2cf66d8c0123db,UFC 143: Diaz vs Condit,2012-02-04,"Las Vegas, Nevada, USA"
c3c23c99477c041b,UFC on FOX: Evans vs Davis,2012-01-28,"Chicago, Illinois, USA"
4d74641fac830182,UFC on FX: Guillard vs Miller,2012-01-20,"Nashville, Tennessee, USA"
18524b46c570730b,UFC 142: Aldo vs Mendes,2012-01-14,"Rio de Janeiro, Brazil"
91720876db0ee468,UFC 141: Lesnar vs Overeem,2011-12-30,"Las Vegas, Nevada, USA"
6d7886b094b471ac,UFC 140: Jones vs Machida,2011-12-10,"Toronto, Ontario, Canada"
1f5f75658551f2d3,The Ultimate Fighter: Team Bisping vs Team Miller Finale,2011-12-03,"Las Vegas, Nevada, USA"
0ec821423baa26bd,UFC 139: Shogun vs Henderson,2011-11-19,"San Jose, California, USA"
1c061eb6e29eaa0a,UFC on FOX: Velasquez vs Dos Santos,2011-11-12,"Anaheim, California, USA"
e780ccc79a209985,UFC 138: Leben vs Munoz,2011-11-05,"Birmingham, England, United Kingdom"
8788beb528894f33,UFC 137: Penn vs Diaz,2011-10-29,"Las Vegas, Nevada, USA"
7d5b12de1625984e,UFC 136: Edgar vs Maynard 3,2011-10-08,"Houston, Texas, USA"
44f9c777fed7ca03,UFC Live: Cruz vs Johnson,2011-10-01,"Washington, DC, USA"
73ef22f25d0f70e2,UFC 135: Jones vs Rampage,2011-09-24,"Denver, Colorado, USA"
1ffc38f67785797b,UFC Fight Night: Shields vs Ellenberger,2011-09-17,"New Orleans, Louisiana, USA"
18968f97ad34f15c,UFC 134: Silva vs Okami,2011-08-27,"Rio de Janeiro, Brazil"
4c8d6fde2dde07c4,UFC Live: Hardy vs Lytle,2011-08-14,"Milwaukee, Wisconsin, USA"
f1f9e48a0d150757,UFC 133: Evans vs Ortiz 2,2011-08-06,"Philadelphia, Pennsylvania, USA"
83fd97284f4bb4a4,UFC 132: Cruz vs Faber,2011-07-02,"Las Vegas, Nevada, USA"
d023ae89a2a4a41e,UFC Live: Kongo vs Barry,2011-06-26,"Pittsburgh, Pennsylvania, USA"
aac5ac38148f0528,UFC 131: Dos Santos vs Carwin,2011-06-11,"Vancouver, British Columbia, Canada"
3ba3b5cc94498437,The Ultimate Fighter: Team Lesnar vs Team dos Santos Finale,2011-06-04,"Las Vegas, Nevada, USA"
b732b326c362fb62,UFC 130: Rampage vs Hamill,2011-05-28,"Las Vegas, Nevada, USA"
2db7fa8db6bc9632,UFC 129: St-Pierre vs Shields,2011-04-30,"Toronto, Ontario, Canada"
8a59d346dc976a10,UFC Fight Night: Nogueira vs Davis,2011-03-26,"Seattle, Washington, USA"
1411c630ba711b64,UFC 128: Shogun vs Jones,2011-03-19,"Newark, New Jersey, USA"
a54fc2d6fc224dc3,UFC Live: Sanchez vs Kampmann,2011-03-03,"Louisville, Kentucky, USA"
88a9bc81271ccd89,UFC 127: Penn vs Fitch,2011-02-26,"Sydney, New South Wales, Australia"
65ddc8a9ac4e8531,UFC 126: Silva vs Belfort,2011-02-05,"Las Vegas, Nevada, USA"
282fa667ff9c51ed,UFC Fight Night: Fight for the Troops 2,2011-01-22,"Killeen, Texas, USA"
d1152823307d7e7c,UFC 125: Resolution,2011-01-01,"Las Vegas, Nevada, USA"
132f860d02953f4c,UFC 124: St-Pierre vs Koscheck 2,2010-12-11,"Montreal, Quebec, Canada"
5d7bdab5e03e3216,The Ultimate Fighter: Team GSP vs Team Koscheck Finale,2010-12-04,"Las Vegas, Nevada, USA"
dd992d569aaebee6,UFC 123: Rampage vs Machida,2010-11-20,"Auburn Hills, Michigan, USA"
0ff11cc094e887bc,UFC 122: Marquardt vs Okami,2010-11-13,"Oberhausen, North Rhine-Westphalia, Germany"
afdb76fbd86f6d11,UFC 121: Lesnar vs Velasquez,2010-10-23,"Anaheim, California, USA"
d512d9f204059f57,UFC 120: Bisping vs Akiyama,2010-10-16,"London, England, United Kingdom"
ad32471f01e7b1a5,UFC 119: Mir vs Cro Cop,2010-09-25,"Indianapolis, Indiana, USA"
acff437707625fc7,UFC Fight Night: Marquardt vs Palhares,2010-09-15,"Austin, Texas, USA"
054defd5420a551f,UFC 118: Edgar vs Penn 2,2010-08-28,"Boston, Massachusetts, USA"
2f3f12002564bb55,UFC 117: Silva vs Sonnen,2010-08-07,"Oakland, California, USA"
f12f979b657ab876,UFC Live: Jones vs Matyushenko,2010-08-01,"San Diego, California, USA"
140745cbbcb023ac,UFC 116: Lesnar vs Carwin,2010-07-03,"Las Vegas, Nevada, USA"
9bcf8603ceb25680,The Ultimate Fighter: Team Liddell vs Team Ortiz Finale,2010-06-19,"Las Vegas, Nevada, USA"
cfb65863d5099327,UFC 115: Liddell vs Franklin,2010-06-12,"Vancouver, British Columbia, Canada"
bfc2fc38a0e20211,UFC 114: Rampage vs Evans,2010-05-29,"Las Vegas, Nevada, USA"
d0c29452d3272603,UFC 113: Machida vs Shogun 2,2010-05-08,"Montreal, Quebec, Canada"
24b033b3daf1c9df,UFC 112: Invincible,2010-04-10,"Abu Dhabi, United Arab Emirates"
3ed134d85dfbd7b4,UFC Fight Night: Florian vs Gomi,2010-03-31,"Charlotte, North Carolina, USA"
c80095f6092271a7,UFC 111: St-Pierre vs Hardy,2010-03-27,"Newark, New Jersey, USA"
3795fca327cbcf23,UFC Live: Vera vs Jones,2010-03-21,"Broomfield, Colorado, USA"
49efbdc6c9f650c4,UFC 110: Nogueira vs Velasquez,2010-02-20,"Sydney, New South Wales, Australia"
15edcf67ccf5be84,UFC 109: Relentless,2010-02-06,"Las Vegas, Nevada, USA"
58bc81376286b3d3,UFC Fight Night: Maynard vs Diaz,2010-01-11,"Fairfax, Virginia, USA"
a6d8bfe9e0c8153b,UFC 108: Evans vs Silva,2010-01-02,"Las Vegas, Nevada, USA"
821cd80aab70d5f9,UFC 107: Penn vs Sanchez,2009-12-12,"Memphis, Tennessee, USA"
91d73ee59347ac16,The Ultimate Fighter: Heavyweights Finale,2009-12-05,"Las Vegas, Nevada, USA"
84a067c46306a737,UFC 106: Ortiz vs Griffin 2,2009-11-21,"Las Vegas, Nevada, USA"
fa8b9e6b0c2269f8,UFC 105: Couture vs Vera,2009-11-14,"Manchester, England, United Kingdom"
7c0847d3854a95f2,UFC 104: Machida vs Shogun,2009-10-24,"Los Angeles, California, USA"
896c322f56b8be5a,UFC 103: Franklin vs Belfort,2009-09-19,"Dallas, Texas, USA"
a8ea84cbe1655f0a,UFC Fight Night: Diaz vs Guillard,2009-09-16,"Oklahoma City, Oklahoma, USA"
c6a33ff198aaaeeb,UFC 102: Couture vs Nogueira,2009-08-29,"Portland, Oregon, USA"
48d1f690b763934c,UFC 101: Declaration,2009-08-08,"Philadelphia, Pennsylvania, USA"
0ee783aa00e468f0,UFC 100,2009-07-11,"Las Vegas, Nevada, USA"
4908c5ee68a50ee5,The Ultimate Fighter: United States vs. United Kingdom Finale,2009-06-20,"Las Vegas, Nevada, USA"
cb6783c39c01d896,UFC 99: The Comeback,2009-06-13,"Cologne, North Rhine-Westphalia, Germany"
c4b6099f0d25f75e,UFC 98: Evans vs Machida,2009-05-23,"Las Vegas, Nevada, USA"
1652f3213655b935,UFC 97: Redemption,2009-04-18,"Montreal, Quebec, Canada"
04d5718ed2661e8c,UFC Fight Night: Condit vs Kampmann,2009-04-01,"Nashville, Tennessee, USA"
29b5791e51e7e832,UFC 96: Jackson vs Jardine,2009-03-07,"Columbus, Ohio, USA"
7d21de9c6d7c98b2,UFC 95: Sanchez vs Stevenson,2009-02-21,"London, England, United Kingdom"
d1759b2b7be9be56,UFC Fight Night: Lauzon vs Stephens,2009-02-07,"Tampa, Florida, USA"
2a542ee8a8b83559,UFC 94: St-Pierre vs Penn 2,2009-01-31,"Las Vegas, Nevada, USA"
68c6cd5287b473a7,UFC 93: Franklin vs Henderson,2009-01-17,"Dublin, Leinster, Ireland"
23ab42947c1990e3,UFC 92: The Ultimate 2008,2008-12-27,"Las Vegas, Nevada, USA"
ea398c802d9998ee,The Ultimate Fighter: Team Nogueira vs. Team Mir Finale,2008-12-13,"Las Vegas, Nevada, USA"
30cd319d39ee689b,UFC Fight Night - Fight for the Troops,2008-12-10,"Fayetteville, North Carolina, USA"
a2b06ca02bca14c0,UFC 91: Couture vs Lesnar,2008-11-15,"Las Vegas, Nevada, USA"
c670aa48827d6be6,UFC 90: Silva vs Cote,2008-10-25,"Rosemont, Illinois, USA"
312f47c3d2f83ffa,UFC 89: Bisping vs Leben,2008-10-18,"Birmingham, England, United Kingdom"
279093302a6f44b3,UFC Fight Night: Diaz vs Neer,2008-09-17,"Omaha, Nebraska, USA"
0db70ca89e1c7374,UFC 88: Breakthrough,2008-09-06,"Atlanta, Georgia, USA"
19ffeb5e3fffd6d5,UFC 87: Seek And Destroy,2008-08-09,"Minneapolis, Minnesota, USA"
46f11d15c0134fe3,UFC: Silva vs Irvin,2008-07-19,"Las Vegas, Nevada, USA"
bf12aca029bfcc47,UFC 86: Jackson vs Griffin,2008-07-05,"Las Vegas, Nevada, USA"
2299605af59fd309,The Ultimate Fighter: Team Rampage vs Team Forrest Finale,2008-06-21,"Las Vegas, Nevada, USA"
2efbc83a6b9b7f86,UFC 85: Bedlam,2008-06-07,"London, England, United Kingdom"
2549d63da9c456cb,UFC 84: Ill Will,2008-05-24,"Las Vegas, Nevada, USA"
ad047e3073a775f3,UFC 83: Serra vs St-Pierre 2,2008-04-19,"Montreal, Quebec, Canada"
b9e871af730f826c,UFC Fight Night: Florian vs Lauzon,2008-04-02,"Broomfield, Colorado, USA"
598a58db87b890ee,UFC 82: Pride of a Champion,2008-03-01,"Columbus, Ohio, USA"
597db668b01c442c,UFC 81: Breaking Point,2008-02-02,"Las Vegas, Nevada, USA"
33e33d51f289d2a1,UFC Fight Night: Swick vs Burkman,2008-01-23,"Las Vegas, Nevada, USA"
a24e080000fa7a35,UFC 80: Rapid Fire,2008-01-19,"Newcastle, England, United Kingdom"
7269329bd87eb479,UFC 79: Nemesis,2007-12-29,"Las Vegas, Nevada, USA"
df85d6ec3493d120,The Ultimate Fighter: Team Hughes vs. Team Serra Finale,2007-12-08,"Las Vegas, Nevada, USA"
1d147d4163a6989b,UFC 78: Validation,2007-11-17,"Newark, New Jersey, USA"
91181b29be041f1c,UFC 77: Hostile Territory,2007-10-20,"Cincinnati, Ohio, USA"
bad28b7b34f334de,UFC 76: Knockout,2007-09-22,"Anaheim, California, USA"
f341f9551ba744e2,UFC Fight Night: Thomas vs Florian,2007-09-19,"Las Vegas, Nevada, USA"
0aa92558424ced9e,UFC 75: Champion vs Champion,2007-09-08,"London, England, United Kingdom"
a5c53b3ddb31cc7d,UFC 74: Respect,2007-08-25,"Las Vegas, Nevada, USA"
2a6f8136da1e52c0,UFC 73: Stacked,2007-07-07,"Sacramento, California, USA"
e7ec11096eac0282,The Ultimate Fighter: Team Pulver vs. Team Penn Finale,2007-06-23,"Las Vegas, Nevada, USA"
5ca158b1cc9cb242,UFC 72: Victory,2007-06-16,"Belfast, Northern Ireland, United Kingdom"
304fcd812f12c589,UFC Fight Night: Stout vs Fisher,2007-06-12,"Hollywood, Florida, USA"
2e04a3b4a2011b97,UFC 71: Liddell vs Jackson,2007-05-26,"Las Vegas, Nevada, USA"
4604ab1de9058474,UFC 70: Nations Collide,2007-04-21,"Manchester, England, United Kingdom"
c1684f00c626f4c0,UFC 69: Shootout,2007-04-07,"Houston, Texas, USA"
a6c2f5381d575920,UFC Fight Night: Stevenson vs Guillard,2007-04-05,"Las Vegas, Nevada, USA"
de3ed2e152520c8d,UFC 68: The Uprising,2007-03-03,"Columbus, Ohio, USA"
63b65af1c5cb02cb,UFC 67: All or Nothing,2007-02-03,"Las Vegas, Nevada, USA"
13c4313ed0f744f3,UFC Fight Night: Evans vs Salmon,2007-01-25,"Hollywood, Florida, USA"
ee5df903f80c6816,UFC 66: Liddell vs Ortiz 2,2006-12-30,"Las Vegas, Nevada, USA"
21b8a0f5c231096f,UFC Fight Night: Sanchez vs Riggs,2006-12-13,"San Diego, California, USA"
3fed746acfd026dd,UFC 65: Bad Intentions,2006-11-18,"Sacramento, California, USA"
baf942f4bcb09894,The Ultimate Fighter: The Comeback Finale,2006-11-11,"Las Vegas, Nevada, USA"
13b2f59210dda9cc,UFC 64: Unstoppable,2006-10-14,"Las Vegas, Nevada, USA"
577ec7e108b94be3,Ortiz vs Shamrock 3: The Final Chapter,2006-10-10,"Hollywood, Florida, USA"
13e62d766b709aa6,UFC 63: Hughes vs Penn,2006-09-23,"Anaheim, California, USA"
f717b6002486f73f,UFC 62: Liddell vs Sobral,2006-08-26,"Las Vegas, Nevada, USA"
46c8ec317aff28ac,UFC Fight Night 6,2006-08-17,"Las Vegas, Nevada, USA"
f70144caea5c4c80,UFC 61: Bitter Rivals,2006-07-08,"Las Vegas, Nevada, USA"
445a98acb8985970,UFC Fight Night 5,2006-06-28,"Las Vegas, Nevada, USA"
1dab0d1d81dd06db,The Ultimate Fighter: Team Ortiz vs. Team Shamrock Finale,2006-06-24,"Las Vegas, Nevada, USA"
a54a35a670d8e852,UFC 60: Hughes vs Gracie,2006-05-27,"Los Angeles, California, USA"
03688dc3c3af3ac1,UFC 59: Reality Check,2006-04-15,"Anaheim, California, USA"
b361180739bed4b0,UFC Fight Night 4,2006-04-06,"Las Vegas, Nevada, USA"
0e9869d712e81f8f,UFC 58: USA vs Canada,2006-03-04,"Las Vegas, Nevada, USA"
977081bc01197656,UFC 57: Liddell vs Couture 3,2006-02-04,"Las Vegas, Nevada, USA"
2ee09ec2a0695eb9,UFC Fight Night 3,2006-01-16,"Las Vegas, Nevada, USA"
c7e9d15cfce52f1d,UFC 56: Full Force,2005-11-19,"Las Vegas, Nevada, USA"
31ceaf0e670c1578,The Ultimate Fighter: Team Hughes vs. Team Franklin Finale,2005-11-05,"Las Vegas, Nevada, USA"
271fe91f4ba9d2c5,UFC 55: Fury,2005-10-07,"Uncasville, Connecticut, USA"
efaf544314bb5c2e,UFC Fight Night 2,2005-10-03,"Las Vegas, Nevada, USA"
669a3cb6e394f515,UFC 54: Boiling Point,2005-08-20,"Las Vegas, Nevada, USA"
3f24c96753dbd9f9,UFC Fight Night 1,2005-08-06,"Las Vegas, Nevada, USA"
d3711d3784b76255,UFC 53: Heavy Hitters,2005-06-04,"Atlantic City, New Jersey, USA"
c933d423ebdbbbdb,UFC 52: Couture vs Liddell 2,2005-04-16,"Las Vegas, Nevada, USA"
fbbde91f7bc2d3c5,The Ultimate Fighter: Team Couture vs. Team Liddell Finale,2005-04-09,"Las Vegas, Nevada, USA"
85d905f7c4f5a1af,UFC 51: Super Saturday,2005-02-05,"Las Vegas, Nevada, USA"
ce783bf73b5131f9,UFC 50: The War Of '04,2004-10-22,"Atlantic City, New Jersey, USA"
b4bc2e3353a770b5,UFC 49: Unfinished Business,2004-08-21,"Las Vegas, Nevada, USA"
429e7d3725852ce9,UFC 48: Payback,2004-06-19,"Las Vegas, Nevada, USA"
e8fb8e53bc2e29d6,UFC 47: It's On!,2004-04-02,"Las Vegas, Nevada, USA"
94609dd91731d428,UFC 46: Supernatural,2004-01-31,"Las Vegas, Nevada, USA"
e670f8cc2969a789,UFC 45: Revolution,2003-11-21,"Uncasville, Connecticut, USA"
c61f66d8c3fd5f07,UFC 44: Undisputed,2003-09-26,"Las Vegas, Nevada, USA"
108afe61a26bcbf4,UFC 43: Meltdown,2003-06-06,"Las Vegas, Nevada, USA"
ae58685caf8e4a0d,UFC 42: Sudden Impact,2003-04-25,"Miami, Florida, USA"
bba678d312590087,UFC 41: Onslaught,2003-02-28,"Atlantic City, New Jersey, USA"
e06fd1260ac865a7,UFC 40: Vendetta,2002-11-22,"Las Vegas, Nevada, USA"
0cf935519d439ba6,UFC 39: The Warriors Return,2002-09-27,"Uncasville, Connecticut, USA"
1dc56b59cb28425d,UFC 38: Brawl at the Hall,2002-07-13,"London, England, United Kingdom"
9ccdd2ce45903f34,UFC 37.5: As Real As It Gets,2002-06-22,"Las Vegas, Nevada, USA"
9fd1f08dd4aec14a,UFC 37: High Impact,2002-05-10,"Bossier City, Louisiana, USA"
02fc8f50f56eb307,UFC 36: Worlds Collide,2002-03-22,"Las Vegas, Nevada, USA"
946f341df6472ee0,UFC 35: Throwdown,2002-01-11,"Uncasville, Connecticut, USA"
4dc496aa0cfc0d95,UFC 34: High Voltage,2001-11-02,"Las Vegas, Nevada, USA"
c75b99887c8c3f5a,UFC 33: Victory in Vegas,2001-09-28,"Las Vegas, Nevada, USA"
7b9aa973e5c04624,UFC 32: Showdown in the Meadowlands,2001-06-29,"East Rutherford, New Jersey, USA"
20bd6c3e03c46ee6,UFC 31: Locked and Loaded,2001-05-04,"Atlantic City, New Jersey, USA"
2b1587a3376ab743,UFC 30: Battle on the Boardwalk,2001-02-23,"Atlantic City, New Jersey, USA"
08ae5cd9aef7ddd3,UFC 29: Defense of the Belts,2000-12-16,"Tokyo, Japan"
da6dfd09cca1d705,UFC 28: High Stakes,2000-11-17,"Atlantic City, New Jersey, USA"
31652c9267606d54,UFC 27: Ultimate Bad Boyz,2000-09-22,"New Orleans, Louisiana, USA"
cedfdf8d423d500c,UFC 26: Ultimate Field Of Dreams,2000-06-09,"Cedar Rapids, Iowa, USA"
d2b1c1317a39f6c6,UFC 25: Ultimate Japan 3,2000-04-14,"Tokyo, Japan"
20ec0061400178ca,UFC 24: First Defense,2000-03-10,"Lake Charles, Louisiana, USA"
a8fa0c4e95512806,UFC 23: Ultimate Japan 2,1999-11-19,"Chiba, Japan"
afaad7d6a581e307,UFC 22: Only One Can be Champion,1999-09-24,"Lake Charles, Louisiana, USA"
1a1a4d7a29041d77,UFC 21: Return of the Champions,1999-07-16,"Cedar Rapids, Iowa, USA"
a7b48e18ca27795d,UFC 20: Battle for the Gold,1999-05-07,"Birmingham, Alabama, USA"
a220be6d41d6f97d,UFC 19: Ultimate Young Guns,1999-03-05,"Bay St. Louis, Mississippi, USA"
c9bbf1a0285a8076,UFC 18: The Road to the Heavyweight Title,1999-01-08,"New Orleans, Louisiana, USA"
32a3025d5db456ae,UFC - Ultimate Brazil,1998-10-16,"Sao Paulo, Brazil"
4a01dc8376736ef5,UFC 17: Redemption,1998-05-15,"Mobile, Alabama, USA"
749685d24e2cac50,UFC 16: Battle in the Bayou,1998-03-13,"New Orleans, Louisiana, USA"
29f935654825331b,UFC - Ultimate Japan,1997-12-21,"Yokohama, Kanagawa, Japan"
07a18ae55dfc3cd9,UFC 15: Collision Course,1997-10-17,"Bay St. Louis, Mississippi, USA"
dc950d59dc590aca,UFC 14: Showdown,1997-07-27,"Birmingham, Alabama, USA"
5bd533d50c8e7b8a,UFC 13: The Ultimate Force,1997-05-30,"Augusta, Georgia, USA"
96eff1a628adcc7f,UFC 12: Judgement Day,1997-02-07,"Dothan, Alabama, USA"
9b5b5a75523728f3,UFC - Ultimate Ultimate '96,1996-12-07,"Birmingham, Alabama, USA"
6ceff86fae4f6b3b,UFC 11: The Proving Ground,1996-09-20,"Augusta, Georgia, USA"
aee8eecfc4bfb1e7,UFC 10: The Tournament,1996-07-12,"Birmingham, Alabama, USA"
a390eb8a9b2df298,UFC 9: Motor City Madness,1996-05-17,"Detroit, Michigan, USA"
b63e800c18e011b5,UFC 8: David vs Goliath,1996-02-16,"San Juan, Puerto Rico"
31bbd46d57dfbcb7,UFC - Ultimate Ultimate '95,1995-12-16,"Denver, Colorado, USA"
5af480a3b2e1726b,UFC 7: The Brawl in Buffalo,1995-09-08,"Buffalo, New York, USA"
1c3f5e85b59ec710,UFC 6: Clash of the Titans,1995-07-14,"Casper, Wyoming, USA"
dedc3bb440d09554,UFC 5: The Return of the Beast,1995-04-07,"Charlotte, North Carolina, USA"
b60391da771deefe,UFC 4: Revenge of the Warriors,1994-12-16,"Tulsa, Oklahoma, USA"
1a49e0670dfaca31,UFC 3: The American Dream,1994-09-09,"Charlotte, North Carolina, USA"
a6a9ab5a824e8f66,UFC 2: No Way Out,1994-03-11,"Denver, Colorado, USA"
